transaction_id,date,customer_id,amount,type,description
1,2023-01-01 00:00:00,1051,130.46248154539313,credit,withdrawal
2,2023-01-01 01:00:00,1092,110.77820087369318,credit,refund
3,2023-01-01 02:00:00,1014,79.25507691347087,debit,withdrawal
4,2023-01-01 03:00:00,1071,96.19322643832784,credit,payment
5,2023-01-01 04:00:00,1060,82.48763493230486,credit,payment
6,2023-01-01 05:00:00,1020,72.34400538071327,credit,payment
7,2023-01-01 06:00:00,1082,118.52355095063282,credit,payment
8,2023-01-01 07:00:00,1086,138.1883328094026,credit,transfer
9,2023-01-01 08:00:00,1074,72.02864852361718,credit,transfer
10,2023-01-01 09:00:00,1074,111.25938473381142,credit,refund
11,2023-01-01 10:00:00,1087,86.98714861756346,credit,withdrawal
12,2023-01-01 11:00:00,1099,90.25749232470608,debit,payment
13,2023-01-01 12:00:00,1023,88.15212151522262,debit,payment
14,2023-01-01 13:00:00,1002,82.72018460640368,credit,withdrawal
15,2023-01-01 14:00:00,1021,100.97043255889653,credit,withdrawal
16,2023-01-01 15:00:00,1052,83.38099767177924,debit,refund
17,2023-01-01 16:00:00,1001,105.40913651559677,debit,withdrawal
18,2023-01-01 17:00:00,1087,98.99523781101726,debit,payment
19,2023-01-01 18:00:00,1029,95.2210390626718,credit,payment
20,2023-01-01 19:00:00,1037,81.84872675916804,debit,payment
21,2023-01-01 20:00:00,1001,88.46457338863334,credit,payment
22,2023-01-01 21:00:00,1063,115.10782451651512,credit,payment
23,2023-01-01 22:00:00,1059,660.1100625149256,debit,refund
24,2023-01-01 23:00:00,1020,80.44889510402898,credit,payment
25,2023-01-02 00:00:00,1032,101.98664610858452,credit,refund
26,2023-01-02 01:00:00,1075,115.02774246743579,credit,payment
27,2023-01-02 02:00:00,1057,66.61189437757257,credit,transfer
28,2023-01-02 03:00:00,1021,110.8672038475987,debit,transfer
29,2023-01-02 04:00:00,1088,86.74752482108306,debit,transfer
30,2023-01-02 05:00:00,1048,111.41197337186318,credit,transfer
31,2023-01-02 06:00:00,1090,84.73481686914967,credit,refund
32,2023-01-02 07:00:00,1058,63.90235798670962,debit,refund
33,2023-01-02 08:00:00,1041,67.44915124233674,credit,withdrawal
34,2023-01-02 09:00:00,1091,100.96169893322764,debit,payment
35,2023-01-02 10:00:00,1059,105.19445003442964,credit,transfer
36,2023-01-02 11:00:00,1079,81.91366749791183,credit,refund
37,2023-01-02 12:00:00,1014,112.77184917554747,debit,payment
38,2023-01-02 13:00:00,1061,66.7695987546208,debit,payment
39,2023-01-02 14:00:00,1061,98.67840402705367,debit,refund
40,2023-01-02 15:00:00,1046,75.77967600475087,debit,transfer
41,2023-01-02 16:00:00,1061,86.96327784395682,credit,withdrawal
42,2023-01-02 17:00:00,1050,100.94797342632828,debit,payment
43,2023-01-02 18:00:00,1054,82.79173269432096,credit,withdrawal
44,2023-01-02 19:00:00,1063,92.30888911540349,debit,transfer
45,2023-01-02 20:00:00,1002,120.1258561842888,debit,transfer
46,2023-01-02 21:00:00,1050,88.46216260953702,credit,withdrawal
47,2023-01-02 22:00:00,1006,116.71384224130284,debit,transfer
48,2023-01-02 23:00:00,1020,77.40586290684763,debit,payment
49,2023-01-03 00:00:00,1072,110.59608355830565,debit,withdrawal
50,2023-01-03 01:00:00,1038,128.83137241315802,debit,transfer
51,2023-01-03 02:00:00,1017,50.56710999745421,credit,withdrawal
52,2023-01-03 03:00:00,1003,84.06209489059046,credit,payment
53,2023-01-03 04:00:00,1088,111.5414425436108,debit,transfer
54,2023-01-03 05:00:00,1059,95.93909227914014,debit,payment
55,2023-01-03 06:00:00,1013,107.42291746742617,debit,transfer
56,2023-01-03 07:00:00,1008,87.92029626568359,credit,refund
57,2023-01-03 08:00:00,1089,101.731795749458,credit,transfer
58,2023-01-03 09:00:00,1052,96.88645529215842,credit,withdrawal
59,2023-01-03 10:00:00,1001,123.35564123319614,credit,transfer
60,2023-01-03 11:00:00,1083,105.08841686602426,debit,payment
61,2023-01-03 12:00:00,1091,106.75205324150404,debit,payment
62,2023-01-03 13:00:00,1059,91.76246067755065,debit,transfer
63,2023-01-03 14:00:00,1070,90.24787551855013,credit,withdrawal
64,2023-01-03 15:00:00,1043,91.34883624360758,debit,refund
65,2023-01-03 16:00:00,1007,107.88904284756593,credit,withdrawal
66,2023-01-03 17:00:00,1046,91.58031038359474,credit,refund
67,2023-01-03 18:00:00,1034,105.79549713792827,debit,payment
68,2023-01-03 19:00:00,1077,141.50801597290877,debit,withdrawal
69,2023-01-03 20:00:00,1080,117.42249406863385,debit,refund
70,2023-01-03 21:00:00,1035,93.47952935664318,credit,transfer
71,2023-01-03 22:00:00,1049,124.02427844327889,credit,payment
72,2023-01-03 23:00:00,1003,91.83849253956897,debit,transfer
73,2023-01-04 00:00:00,1001,59.23750929644292,debit,payment
74,2023-01-04 01:00:00,1005,79.83827378165192,credit,withdrawal
75,2023-01-04 02:00:00,1053,62.58416157948289,debit,withdrawal
76,2023-01-04 03:00:00,1003,92.96973031917383,credit,payment
77,2023-01-04 04:00:00,1053,100.36836758379103,credit,payment
78,2023-01-04 05:00:00,1092,133.52874624550566,debit,payment
79,2023-01-04 06:00:00,1062,106.53854747528325,debit,withdrawal
80,2023-01-04 07:00:00,1017,95.61798942382272,debit,refund
81,2023-01-04 08:00:00,1089,116.58811162366979,debit,transfer
82,2023-01-04 09:00:00,1043,55.7772938198423,credit,transfer
83,2023-01-04 10:00:00,1033,104.71229116217131,credit,withdrawal
84,2023-01-04 11:00:00,1073,115.41730387773933,credit,transfer
85,2023-01-04 12:00:00,1061,422.569650506419,debit,payment
86,2023-01-04 13:00:00,1099,122.87508086413858,credit,refund
87,2023-01-04 14:00:00,1013,106.76992814988829,debit,transfer
88,2023-01-04 15:00:00,1094,91.69424172198397,debit,refund
89,2023-01-04 16:00:00,1047,112.6556373221257,debit,payment
90,2023-01-04 17:00:00,1014,145.41385715608791,debit,transfer
91,2023-01-04 18:00:00,1071,103.6373251011699,debit,withdrawal
92,2023-01-04 19:00:00,1077,104.96441172600672,debit,refund
93,2023-01-04 20:00:00,1086,90.81278200919512,credit,payment
94,2023-01-04 21:00:00,1061,83.00311261070416,debit,refund
95,2023-01-04 22:00:00,1039,116.60671633088491,credit,transfer
96,2023-01-04 23:00:00,1084,82.87832348182266,credit,transfer
97,2023-01-05 00:00:00,1079,101.43132474438785,debit,withdrawal
98,2023-01-05 01:00:00,1081,90.44685106469767,debit,payment
99,2023-01-05 02:00:00,1052,657.477579089567,debit,payment
100,2023-01-05 03:00:00,1023,106.67324210573896,credit,withdrawal
101,2023-01-05 04:00:00,1025,120.75079888515799,debit,withdrawal
102,2023-01-05 05:00:00,1088,89.79967202290506,credit,payment
103,2023-01-05 06:00:00,1059,94.60250129413258,debit,refund
104,2023-01-05 07:00:00,1040,80.42472568435386,debit,refund
105,2023-01-05 08:00:00,1028,91.11413479847776,credit,withdrawal
106,2023-01-05 09:00:00,1014,107.54600986089704,credit,refund
107,2023-01-05 10:00:00,1044,115.13977233290704,debit,payment
108,2023-01-05 11:00:00,1064,81.5566935164475,credit,transfer
109,2023-01-05 12:00:00,1088,117.3921184021132,credit,transfer
110,2023-01-05 13:00:00,1070,127.11275717609902,credit,refund
111,2023-01-05 14:00:00,1008,108.26869806447402,credit,withdrawal
112,2023-01-05 15:00:00,1087,137.53591625116132,credit,withdrawal
113,2023-01-05 16:00:00,1000,84.52421601792854,debit,withdrawal
114,2023-01-05 17:00:00,1007,75.10690593377166,debit,withdrawal
115,2023-01-05 18:00:00,1087,64.42559502191443,credit,withdrawal
116,2023-01-05 19:00:00,1062,129.92088622978366,debit,refund
117,2023-01-05 20:00:00,1010,113.08731312708116,debit,transfer
118,2023-01-05 21:00:00,1080,98.8883065817909,credit,transfer
119,2023-01-05 22:00:00,1007,105.59937252639641,debit,refund
120,2023-01-05 23:00:00,1034,77.49021905403247,credit,withdrawal
121,2023-01-06 00:00:00,1034,148.91503959233654,credit,refund
122,2023-01-06 01:00:00,1032,102.58442363950455,debit,transfer
123,2023-01-06 02:00:00,1004,102.18789589209786,credit,payment
124,2023-01-06 03:00:00,1040,114.51533247797384,credit,refund
125,2023-01-06 04:00:00,1027,109.62018463473427,credit,withdrawal
126,2023-01-06 05:00:00,1006,104.47768048558262,credit,transfer
127,2023-01-06 06:00:00,1072,84.19051089109377,credit,transfer
128,2023-01-06 07:00:00,1071,109.42936714271991,debit,transfer
129,2023-01-06 08:00:00,1011,137.6404899295007,debit,transfer
130,2023-01-06 09:00:00,1033,126.90840092309955,credit,withdrawal
131,2023-01-06 10:00:00,1032,131.86373253278794,credit,payment
132,2023-01-06 11:00:00,1047,89.7756864713763,debit,transfer
133,2023-01-06 12:00:00,1022,80.20790359482838,credit,refund
134,2023-01-06 13:00:00,1061,97.48426159800704,debit,payment
135,2023-01-06 14:00:00,1087,101.11449824577389,credit,transfer
136,2023-01-06 15:00:00,1036,121.88383036941897,credit,payment
137,2023-01-06 16:00:00,1098,66.15070740570361,credit,refund
138,2023-01-06 17:00:00,1043,130.59100638921228,credit,transfer
139,2023-01-06 18:00:00,1085,96.83984202842021,credit,refund
140,2023-01-06 19:00:00,1090,91.4623786010516,credit,withdrawal
141,2023-01-06 20:00:00,1034,79.75791249479664,credit,transfer
142,2023-01-06 21:00:00,1064,66.90286656268461,debit,transfer
143,2023-01-06 22:00:00,1098,116.46341167923829,debit,transfer
144,2023-01-06 23:00:00,1046,101.46635934376808,debit,transfer
145,2023-01-07 00:00:00,1077,445.20469203107353,credit,withdrawal
146,2023-01-07 01:00:00,1002,74.09842455872769,credit,transfer
147,2023-01-07 02:00:00,1000,93.28430601419744,credit,payment
148,2023-01-07 03:00:00,1004,133.38043050578784,credit,transfer
149,2023-01-07 04:00:00,1089,94.8081729727279,credit,withdrawal
150,2023-01-07 05:00:00,1013,69.93714093763788,credit,transfer
151,2023-01-07 06:00:00,1026,95.08513871828112,credit,payment
152,2023-01-07 07:00:00,1008,567.2731716302795,debit,withdrawal
153,2023-01-07 08:00:00,1078,46.06226714116857,credit,withdrawal
154,2023-01-07 09:00:00,1014,98.91410266964375,debit,payment
155,2023-01-07 10:00:00,1089,95.38130939582643,debit,payment
156,2023-01-07 11:00:00,1041,113.92412729626837,credit,payment
157,2023-01-07 12:00:00,1076,136.9791218989069,credit,payment
158,2023-01-07 13:00:00,1050,122.53130059095514,debit,payment
159,2023-01-07 14:00:00,1062,94.62222618890338,debit,withdrawal
160,2023-01-07 15:00:00,1095,77.86948182516659,credit,withdrawal
161,2023-01-07 16:00:00,1051,151.4671960649972,credit,transfer
162,2023-01-07 17:00:00,1095,101.18436868028977,debit,transfer
163,2023-01-07 18:00:00,1003,100.27858583825892,credit,refund
164,2023-01-07 19:00:00,1093,99.51749825779993,credit,transfer
165,2023-01-07 20:00:00,1022,103.9616952153571,credit,transfer
166,2023-01-07 21:00:00,1014,97.11279176152115,debit,payment
167,2023-01-07 22:00:00,1042,88.52675986239527,debit,payment
168,2023-01-07 23:00:00,1028,89.06282117519216,debit,transfer
169,2023-01-08 00:00:00,1035,99.34493459568003,credit,refund
170,2023-01-08 01:00:00,1012,89.1315045773247,credit,payment
171,2023-01-08 02:00:00,1031,85.74308434645671,debit,transfer
172,2023-01-08 03:00:00,1070,102.12860455383793,debit,transfer
173,2023-01-08 04:00:00,1058,94.90045565158289,debit,withdrawal
174,2023-01-08 05:00:00,1085,130.0798597716538,credit,refund
175,2023-01-08 06:00:00,1027,46.980603832139764,debit,withdrawal
176,2023-01-08 07:00:00,1065,121.83013703844924,debit,refund
177,2023-01-08 08:00:00,1041,124.92170384995258,credit,payment
178,2023-01-08 09:00:00,1044,58.53219535183701,credit,refund
179,2023-01-08 10:00:00,1061,93.14624811839303,credit,transfer
180,2023-01-08 11:00:00,1056,92.57118268008418,debit,transfer
181,2023-01-08 12:00:00,1005,71.84976610564357,credit,refund
182,2023-01-08 13:00:00,1027,84.4436662481825,credit,refund
183,2023-01-08 14:00:00,1027,77.78848309068343,debit,refund
184,2023-01-08 15:00:00,1043,135.04540886847246,credit,withdrawal
185,2023-01-08 16:00:00,1083,118.71356786294922,debit,refund
186,2023-01-08 17:00:00,1029,125.43110189988317,debit,payment
187,2023-01-08 18:00:00,1061,114.4334412808647,credit,withdrawal
188,2023-01-08 19:00:00,1074,77.41896457565542,credit,withdrawal
189,2023-01-08 20:00:00,1091,89.50959467440452,credit,refund
190,2023-01-08 21:00:00,1088,109.78749122455837,credit,payment
191,2023-01-08 22:00:00,1061,75.55744382216109,credit,withdrawal
192,2023-01-08 23:00:00,1096,114.25996860344776,credit,transfer
193,2023-01-09 00:00:00,1000,95.1934920368373,debit,withdrawal
194,2023-01-09 01:00:00,1026,92.50358384900805,debit,refund
195,2023-01-09 02:00:00,1061,114.21919936406982,credit,payment
196,2023-01-09 03:00:00,1076,108.8852662297208,debit,refund
197,2023-01-09 04:00:00,1002,92.7806766836184,credit,transfer
198,2023-01-09 05:00:00,1069,123.18659606728497,debit,transfer
199,2023-01-09 06:00:00,1071,78.37873344800205,debit,transfer
200,2023-01-09 07:00:00,1026,112.31871213888527,debit,refund
201,2023-01-09 08:00:00,1008,111.86202515936768,credit,withdrawal
202,2023-01-09 09:00:00,1061,93.80907121372019,debit,refund
203,2023-01-09 10:00:00,1036,106.52266044484236,credit,payment
204,2023-01-09 11:00:00,1096,74.97772847229393,debit,withdrawal
205,2023-01-09 12:00:00,1050,118.48054038413802,debit,transfer
206,2023-01-09 13:00:00,1043,96.30195727114022,debit,refund
207,2023-01-09 14:00:00,1023,89.54553958961921,debit,transfer
208,2023-01-09 15:00:00,1078,120.98018451673778,debit,transfer
209,2023-01-09 16:00:00,1058,85.91312618914482,credit,payment
210,2023-01-09 17:00:00,1031,71.83077407272881,credit,withdrawal
211,2023-01-09 18:00:00,1095,68.86741652952193,debit,payment
212,2023-01-09 19:00:00,1087,112.12019902691279,debit,payment
213,2023-01-09 20:00:00,1051,74.39141295007434,debit,payment
214,2023-01-09 21:00:00,1061,135.0958836396873,debit,transfer
215,2023-01-09 22:00:00,1057,58.36141184232556,credit,payment
216,2023-01-09 23:00:00,1051,803.5747641948045,debit,payment
217,2023-01-10 00:00:00,1011,104.22034934405237,credit,withdrawal
218,2023-01-10 01:00:00,1038,98.06573776259215,debit,withdrawal
219,2023-01-10 02:00:00,1001,89.10161826382101,credit,payment
220,2023-01-10 03:00:00,1002,107.98272228704141,debit,withdrawal
221,2023-01-10 04:00:00,1055,99.24730595150304,debit,withdrawal
222,2023-01-10 05:00:00,1080,122.06603764033042,credit,payment
223,2023-01-10 06:00:00,1058,613.7073178394447,debit,transfer
224,2023-01-10 07:00:00,1001,103.00603522923755,debit,payment
225,2023-01-10 08:00:00,1001,92.72775575572288,debit,withdrawal
226,2023-01-10 09:00:00,1091,98.86108752557865,credit,transfer
227,2023-01-10 10:00:00,1053,106.15603537784118,debit,refund
228,2023-01-10 11:00:00,1086,65.7966321468675,debit,transfer
229,2023-01-10 12:00:00,1095,73.03629155788573,credit,withdrawal
230,2023-01-10 13:00:00,1096,114.8652818804543,credit,transfer
231,2023-01-10 14:00:00,1000,620.503852575353,credit,payment
232,2023-01-10 15:00:00,1018,96.32033327294641,debit,refund
233,2023-01-10 16:00:00,1001,100.36867866130787,debit,refund
234,2023-01-10 17:00:00,1052,106.95163410723342,debit,refund
235,2023-01-10 18:00:00,1043,89.20480639381277,credit,withdrawal
236,2023-01-10 19:00:00,1089,84.43390549195375,debit,withdrawal
237,2023-01-10 20:00:00,1031,103.91690510195363,debit,refund
238,2023-01-10 21:00:00,1069,80.43254444769936,credit,transfer
239,2023-01-10 22:00:00,1031,108.16505511428943,credit,refund
240,2023-01-10 23:00:00,1067,65.9483279152432,credit,transfer
241,2023-01-11 00:00:00,1054,120.58311274651288,credit,transfer
242,2023-01-11 01:00:00,1074,109.45194964826086,credit,withdrawal
243,2023-01-11 02:00:00,1055,105.12059468627751,debit,transfer
244,2023-01-11 03:00:00,1016,119.65381967891028,credit,refund
245,2023-01-11 04:00:00,1037,133.30948888925153,debit,withdrawal
246,2023-01-11 05:00:00,1023,120.2874013003626,debit,payment
247,2023-01-11 06:00:00,1068,63.182515373367096,credit,payment
248,2023-01-11 07:00:00,1097,74.40846066528597,credit,withdrawal
249,2023-01-11 08:00:00,1069,87.50362844608642,credit,refund
250,2023-01-11 09:00:00,1085,100.52182100421668,debit,payment
251,2023-01-11 10:00:00,1010,110.35318040938246,credit,payment
252,2023-01-11 11:00:00,1015,85.48512373693069,credit,transfer
253,2023-01-11 12:00:00,1096,103.73533528954157,credit,transfer
254,2023-01-11 13:00:00,1072,84.89234135293356,credit,refund
255,2023-01-11 14:00:00,1058,87.76964394016103,credit,withdrawal
256,2023-01-11 15:00:00,1069,71.86677806303555,debit,refund
257,2023-01-11 16:00:00,1079,81.53533507778192,debit,withdrawal
258,2023-01-11 17:00:00,1092,72.96630788767332,debit,payment
259,2023-01-11 18:00:00,1002,482.8952096427201,credit,transfer
260,2023-01-11 19:00:00,1019,121.07283593215679,credit,refund
261,2023-01-11 20:00:00,1058,81.01202222336114,credit,refund
262,2023-01-11 21:00:00,1035,152.64764129674782,debit,withdrawal
263,2023-01-11 22:00:00,1018,659.1981481057067,credit,withdrawal
264,2023-01-11 23:00:00,1089,103.69672247389748,credit,refund
265,2023-01-12 00:00:00,1066,82.83284439637573,credit,withdrawal
266,2023-01-12 01:00:00,1018,114.00619758817983,debit,refund
267,2023-01-12 02:00:00,1019,88.48724347524453,credit,refund
268,2023-01-12 03:00:00,1095,102.44019629290723,debit,refund
269,2023-01-12 04:00:00,1070,151.2016907653759,credit,payment
270,2023-01-12 05:00:00,1051,98.078802005507,debit,withdrawal
271,2023-01-12 06:00:00,1032,122.98546652571352,debit,transfer
272,2023-01-12 07:00:00,1039,85.93647149748224,debit,transfer
273,2023-01-12 08:00:00,1038,595.8013811403646,credit,withdrawal
274,2023-01-12 09:00:00,1081,812.4960762762612,credit,refund
275,2023-01-12 10:00:00,1000,87.46065884424465,debit,transfer
276,2023-01-12 11:00:00,1010,136.24897115993858,debit,transfer
277,2023-01-12 12:00:00,1091,114.1550387091095,credit,withdrawal
278,2023-01-12 13:00:00,1056,88.75066448211464,credit,transfer
279,2023-01-12 14:00:00,1088,112.64815478111042,debit,refund
280,2023-01-12 15:00:00,1049,716.7065339552075,credit,withdrawal
281,2023-01-12 16:00:00,1022,112.43619924434392,credit,refund
282,2023-01-12 17:00:00,1030,68.59550560219087,credit,transfer
283,2023-01-12 18:00:00,1093,85.45725648350263,credit,transfer
284,2023-01-12 19:00:00,1041,95.0496272889699,debit,refund
285,2023-01-12 20:00:00,1098,98.51133141799907,credit,payment
286,2023-01-12 21:00:00,1006,112.41344195101357,credit,transfer
287,2023-01-12 22:00:00,1015,103.55402001866507,debit,payment
288,2023-01-12 23:00:00,1089,73.29311282579798,debit,transfer
289,2023-01-13 00:00:00,1059,107.60395702011927,credit,payment
290,2023-01-13 01:00:00,1001,112.21171490567646,credit,payment
291,2023-01-13 02:00:00,1000,111.1958089586208,credit,payment
292,2023-01-13 03:00:00,1047,121.61561451109243,credit,refund
293,2023-01-13 04:00:00,1011,116.67844309097808,debit,payment
294,2023-01-13 05:00:00,1068,109.18360158456873,debit,payment
295,2023-01-13 06:00:00,1036,98.59668577082707,debit,payment
296,2023-01-13 07:00:00,1031,66.78078132968017,credit,transfer
297,2023-01-13 08:00:00,1008,108.59236438265171,credit,payment
298,2023-01-13 09:00:00,1098,104.15375374326223,credit,transfer
299,2023-01-13 10:00:00,1018,105.43157674390747,credit,payment
300,2023-01-13 11:00:00,1047,74.46502848359381,debit,payment
301,2023-01-13 12:00:00,1079,78.37886919183475,debit,refund
302,2023-01-13 13:00:00,1002,121.06305706665808,credit,transfer
303,2023-01-13 14:00:00,1019,99.2088969228669,debit,payment
304,2023-01-13 15:00:00,1023,113.63001394745248,credit,transfer
305,2023-01-13 16:00:00,1053,100.56636752260923,credit,transfer
306,2023-01-13 17:00:00,1032,100.59512278991491,debit,withdrawal
307,2023-01-13 18:00:00,1023,118.76567611951995,credit,refund
308,2023-01-13 19:00:00,1074,89.67910543565252,credit,refund
309,2023-01-13 20:00:00,1071,101.92241553881966,debit,refund
310,2023-01-13 21:00:00,1035,90.75449422589915,credit,withdrawal
311,2023-01-13 22:00:00,1037,91.31007545135368,credit,withdrawal
312,2023-01-13 23:00:00,1083,93.81655753062721,debit,refund
313,2023-01-14 00:00:00,1098,104.44267543267426,credit,withdrawal
314,2023-01-14 01:00:00,1088,90.42502756673045,debit,withdrawal
315,2023-01-14 02:00:00,1098,125.11512251147042,credit,withdrawal
316,2023-01-14 03:00:00,1024,82.10785395560993,debit,refund
317,2023-01-14 04:00:00,1092,96.26256711677281,debit,refund
318,2023-01-14 05:00:00,1017,91.2053788345165,debit,refund
319,2023-01-14 06:00:00,1081,128.93955768707465,credit,withdrawal
320,2023-01-14 07:00:00,1065,103.93109553023149,debit,refund
321,2023-01-14 08:00:00,1053,120.6368907893727,debit,withdrawal
322,2023-01-14 09:00:00,1034,70.28879253926056,debit,payment
323,2023-01-14 10:00:00,1079,105.34100531738518,debit,withdrawal
324,2023-01-14 11:00:00,1060,117.79261591246873,debit,transfer
325,2023-01-14 12:00:00,1040,101.64567978550848,credit,refund
326,2023-01-14 13:00:00,1099,121.30960750130703,credit,refund
327,2023-01-14 14:00:00,1032,537.9253859879553,credit,transfer
328,2023-01-14 15:00:00,1067,128.1869488037116,credit,withdrawal
329,2023-01-14 16:00:00,1032,145.977962472385,credit,payment
330,2023-01-14 17:00:00,1013,92.74322879120682,credit,transfer
331,2023-01-14 18:00:00,1020,91.08994957198456,credit,transfer
332,2023-01-14 19:00:00,1047,129.067689542354,debit,withdrawal
333,2023-01-14 20:00:00,1019,131.59144291461425,credit,refund
334,2023-01-14 21:00:00,1007,89.54279945693463,debit,withdrawal
335,2023-01-14 22:00:00,1006,91.59626365808285,debit,transfer
336,2023-01-14 23:00:00,1066,94.36430782278985,credit,transfer
337,2023-01-15 00:00:00,1016,73.11098977931445,debit,refund
338,2023-01-15 01:00:00,1032,81.62696107031604,debit,refund
339,2023-01-15 02:00:00,1047,79.91718466495864,debit,refund
340,2023-01-15 03:00:00,1075,84.64404869791743,debit,withdrawal
341,2023-01-15 04:00:00,1058,99.30630225226437,credit,refund
342,2023-01-15 05:00:00,1085,104.68429465073041,credit,transfer
343,2023-01-15 06:00:00,1021,131.01000985628153,credit,transfer
344,2023-01-15 07:00:00,1029,80.03291918522419,credit,payment
345,2023-01-15 08:00:00,1037,119.68644796953167,credit,withdrawal
346,2023-01-15 09:00:00,1050,95.72022311548982,credit,payment
347,2023-01-15 10:00:00,1053,99.01072580695134,credit,transfer
348,2023-01-15 11:00:00,1007,113.49638984333208,credit,payment
349,2023-01-15 12:00:00,1026,77.54555956875403,credit,transfer
350,2023-01-15 13:00:00,1026,107.64819492368102,credit,payment
351,2023-01-15 14:00:00,1097,103.32904416426112,debit,refund
352,2023-01-15 15:00:00,1020,109.84902528016298,credit,payment
353,2023-01-15 16:00:00,1029,105.78337287815636,debit,refund
354,2023-01-15 17:00:00,1096,149.1060027982179,debit,refund
355,2023-01-15 18:00:00,1027,87.24520031497369,debit,withdrawal
356,2023-01-15 19:00:00,1063,89.38006089996365,debit,refund
357,2023-01-15 20:00:00,1096,87.53718947150472,credit,refund
358,2023-01-15 21:00:00,1068,88.8904576167949,debit,payment
359,2023-01-15 22:00:00,1060,87.25225745386965,credit,transfer
360,2023-01-15 23:00:00,1047,123.78033062215104,credit,withdrawal
361,2023-01-16 00:00:00,1018,128.4100849597971,debit,refund
362,2023-01-16 01:00:00,1003,88.58507412501048,credit,withdrawal
363,2023-01-16 02:00:00,1034,83.35288853791542,debit,payment
364,2023-01-16 03:00:00,1063,109.42831112772808,debit,refund
365,2023-01-16 04:00:00,1048,88.95553911438057,credit,payment
366,2023-01-16 05:00:00,1016,112.65863635511022,credit,withdrawal
367,2023-01-16 06:00:00,1043,104.058460417026,debit,payment
368,2023-01-16 07:00:00,1091,69.68511770005536,credit,withdrawal
369,2023-01-16 08:00:00,1029,130.95010402660122,credit,payment
370,2023-01-16 09:00:00,1092,135.91755346191044,credit,withdrawal
371,2023-01-16 10:00:00,1045,87.74422619031228,debit,transfer
372,2023-01-16 11:00:00,1005,92.24596880128031,debit,payment
373,2023-01-16 12:00:00,1098,105.7173078144981,credit,payment
374,2023-01-16 13:00:00,1036,106.6891357997405,credit,transfer
375,2023-01-16 14:00:00,1023,113.1708854534566,credit,transfer
376,2023-01-16 15:00:00,1092,140.204090775327,credit,payment
377,2023-01-16 16:00:00,1045,96.461055450119,credit,transfer
378,2023-01-16 17:00:00,1052,84.03405510923092,debit,refund
379,2023-01-16 18:00:00,1094,72.41361543970946,credit,withdrawal
380,2023-01-16 19:00:00,1098,85.38139920116161,debit,withdrawal
381,2023-01-16 20:00:00,1059,99.33746054252406,credit,withdrawal
382,2023-01-16 21:00:00,1096,135.89115727035576,debit,refund
383,2023-01-16 22:00:00,1062,89.64777401927657,credit,transfer
384,2023-01-16 23:00:00,1084,104.47575903277797,debit,transfer
385,2023-01-17 00:00:00,1031,99.67154207854496,credit,payment
386,2023-01-17 01:00:00,1086,123.76786546896167,debit,transfer
387,2023-01-17 02:00:00,1032,150.53864851747244,debit,payment
388,2023-01-17 03:00:00,1066,89.38262454159359,debit,refund
389,2023-01-17 04:00:00,1017,90.21121114963556,debit,withdrawal
390,2023-01-17 05:00:00,1024,120.88321754138144,debit,withdrawal
391,2023-01-17 06:00:00,1094,113.63782979252623,debit,withdrawal
392,2023-01-17 07:00:00,1053,136.93414651472068,credit,transfer
393,2023-01-17 08:00:00,1057,111.67856370651927,debit,payment
394,2023-01-17 09:00:00,1066,92.81415818425882,credit,payment
395,2023-01-17 10:00:00,1045,111.81309661384618,credit,refund
396,2023-01-17 11:00:00,1023,122.17407161165815,credit,transfer
397,2023-01-17 12:00:00,1031,116.40964362394729,credit,refund
398,2023-01-17 13:00:00,1046,110.14548062214595,credit,payment
399,2023-01-17 14:00:00,1085,121.33349379178307,debit,payment
400,2023-01-17 15:00:00,1022,740.3154708534807,debit,withdrawal
401,2023-01-17 16:00:00,1065,127.64317982075055,debit,transfer
402,2023-01-17 17:00:00,1026,112.97419775179286,credit,payment
403,2023-01-17 18:00:00,1001,96.65763839366291,debit,withdrawal
404,2023-01-17 19:00:00,1089,102.93427372866645,debit,transfer
405,2023-01-17 20:00:00,1016,124.13017933016714,debit,refund
406,2023-01-17 21:00:00,1032,83.66128658025528,debit,transfer
407,2023-01-17 22:00:00,1008,107.37346617745803,debit,transfer
408,2023-01-17 23:00:00,1042,92.13322375345278,credit,payment
409,2023-01-18 00:00:00,1047,100.57489645869634,debit,payment
410,2023-01-18 01:00:00,1038,125.56903725214598,credit,transfer
411,2023-01-18 02:00:00,1092,103.82198136039807,credit,payment
412,2023-01-18 03:00:00,1041,100.92873096312297,credit,payment
413,2023-01-18 04:00:00,1025,72.80287718040162,credit,payment
414,2023-01-18 05:00:00,1098,114.92507132054442,credit,withdrawal
415,2023-01-18 06:00:00,1049,112.9096836228215,debit,withdrawal
416,2023-01-18 07:00:00,1024,143.2650944661092,debit,transfer
417,2023-01-18 08:00:00,1023,93.84443530093998,debit,payment
418,2023-01-18 09:00:00,1012,104.38300655327878,credit,withdrawal
419,2023-01-18 10:00:00,1059,104.9876736742151,debit,transfer
420,2023-01-18 11:00:00,1006,131.5490655952695,debit,payment
421,2023-01-18 12:00:00,1056,98.09408935226095,credit,refund
422,2023-01-18 13:00:00,1035,105.58043051540679,credit,payment
423,2023-01-18 14:00:00,1044,112.15793019433079,credit,payment
424,2023-01-18 15:00:00,1019,103.73218246312716,credit,withdrawal
425,2023-01-18 16:00:00,1064,91.07132770898943,debit,transfer
426,2023-01-18 17:00:00,1007,103.88179985796616,credit,transfer
427,2023-01-18 18:00:00,1015,728.8358099831727,credit,withdrawal
428,2023-01-18 19:00:00,1013,79.4696940117788,debit,payment
429,2023-01-18 20:00:00,1075,102.65939348293752,debit,refund
430,2023-01-18 21:00:00,1086,85.99758370121654,credit,payment
431,2023-01-18 22:00:00,1014,123.90093257849685,debit,payment
432,2023-01-18 23:00:00,1091,69.5362619043245,credit,refund
433,2023-01-19 00:00:00,1097,88.82156305456823,credit,withdrawal
434,2023-01-19 01:00:00,1065,645.2654250077425,debit,transfer
435,2023-01-19 02:00:00,1031,131.31048058468681,debit,withdrawal
436,2023-01-19 03:00:00,1086,98.68499477854024,credit,withdrawal
437,2023-01-19 04:00:00,1062,88.89600946613604,credit,payment
438,2023-01-19 05:00:00,1085,137.6231413888118,credit,transfer
439,2023-01-19 06:00:00,1050,71.03972199167512,debit,transfer
440,2023-01-19 07:00:00,1024,56.023880867598365,credit,withdrawal
441,2023-01-19 08:00:00,1057,108.80028900106664,credit,refund
442,2023-01-19 09:00:00,1062,539.7534930776867,credit,withdrawal
443,2023-01-19 10:00:00,1061,79.57534365738573,credit,refund
444,2023-01-19 11:00:00,1021,114.16712894598706,credit,transfer
445,2023-01-19 12:00:00,1057,104.87601427542398,debit,withdrawal
446,2023-01-19 13:00:00,1057,88.71842738526543,credit,payment
447,2023-01-19 14:00:00,1085,74.39391202658211,credit,withdrawal
448,2023-01-19 15:00:00,1048,117.44914656560289,credit,transfer
449,2023-01-19 16:00:00,1051,113.00402355917322,credit,payment
450,2023-01-19 17:00:00,1041,98.01648272441234,debit,payment
451,2023-01-19 18:00:00,1069,136.9327399209533,debit,refund
452,2023-01-19 19:00:00,1014,78.59830467347695,debit,payment
453,2023-01-19 20:00:00,1053,69.48949658150522,credit,payment
454,2023-01-19 21:00:00,1059,86.16183860237511,credit,withdrawal
455,2023-01-19 22:00:00,1096,99.08827967289004,debit,transfer
456,2023-01-19 23:00:00,1007,104.86678898645384,debit,refund
457,2023-01-20 00:00:00,1052,95.1752788428734,debit,withdrawal
458,2023-01-20 01:00:00,1059,107.04110793028593,credit,payment
459,2023-01-20 02:00:00,1004,74.96921151619112,credit,payment
460,2023-01-20 03:00:00,1067,128.8752920814652,debit,refund
461,2023-01-20 04:00:00,1005,98.35697643214863,debit,transfer
462,2023-01-20 05:00:00,1095,122.34591663176255,debit,refund
463,2023-01-20 06:00:00,1093,641.1270415653245,credit,withdrawal
464,2023-01-20 07:00:00,1046,109.13506438307567,credit,refund
465,2023-01-20 08:00:00,1098,111.39534560464408,credit,payment
466,2023-01-20 09:00:00,1054,653.7250272020777,debit,withdrawal
467,2023-01-20 10:00:00,1039,112.85445519735087,debit,payment
468,2023-01-20 11:00:00,1051,126.58305060264863,credit,transfer
469,2023-01-20 12:00:00,1015,103.9304233940294,debit,payment
470,2023-01-20 13:00:00,1012,114.18007515177024,credit,payment
471,2023-01-20 14:00:00,1029,98.20528611425547,debit,refund
472,2023-01-20 15:00:00,1018,128.80234430898946,debit,payment
473,2023-01-20 16:00:00,1016,86.4721539588146,debit,withdrawal
474,2023-01-20 17:00:00,1062,136.0188086582163,debit,withdrawal
475,2023-01-20 18:00:00,1018,99.19684098711313,credit,transfer
476,2023-01-20 19:00:00,1091,71.38449795763904,debit,withdrawal
477,2023-01-20 20:00:00,1057,102.56208829821578,credit,refund
478,2023-01-20 21:00:00,1054,86.37896685050238,credit,transfer
479,2023-01-20 22:00:00,1089,700.8772258786469,credit,withdrawal
480,2023-01-20 23:00:00,1089,86.94752041395218,debit,refund
481,2023-01-21 00:00:00,1061,91.07633133570441,credit,withdrawal
482,2023-01-21 01:00:00,1022,62.209185381089384,credit,withdrawal
483,2023-01-21 02:00:00,1008,90.95387361501847,credit,payment
484,2023-01-21 03:00:00,1011,51.52241346742087,debit,withdrawal
485,2023-01-21 04:00:00,1000,68.32194353028554,debit,withdrawal
486,2023-01-21 05:00:00,1057,115.20829312288595,credit,refund
487,2023-01-21 06:00:00,1000,115.71600317301665,debit,refund
488,2023-01-21 07:00:00,1033,108.50915123569929,credit,payment
489,2023-01-21 08:00:00,1095,80.66047713741574,credit,withdrawal
490,2023-01-21 09:00:00,1047,99.0457728771604,debit,payment
491,2023-01-21 10:00:00,1088,99.92794921818863,credit,withdrawal
492,2023-01-21 11:00:00,1000,76.83270621614915,debit,transfer
493,2023-01-21 12:00:00,1015,130.067966035343,debit,transfer
494,2023-01-21 13:00:00,1060,117.54724581151342,credit,payment
495,2023-01-21 14:00:00,1063,95.58071652340672,debit,payment
496,2023-01-21 15:00:00,1062,100.53771677989062,debit,payment
497,2023-01-21 16:00:00,1068,104.16765615895105,credit,refund
498,2023-01-21 17:00:00,1021,59.16530263151419,credit,refund
499,2023-01-21 18:00:00,1092,95.05645234958806,debit,refund
500,2023-01-21 19:00:00,1066,86.36031504004403,debit,payment
501,2023-01-21 20:00:00,1075,79.96759980210169,credit,withdrawal
502,2023-01-21 21:00:00,1025,94.3779941422809,debit,transfer
503,2023-01-21 22:00:00,1015,135.95373053699046,debit,payment
504,2023-01-21 23:00:00,1050,112.8168572253402,debit,refund
505,2023-01-22 00:00:00,1085,88.57642020434406,debit,refund
506,2023-01-22 01:00:00,1056,111.45165562712317,debit,payment
507,2023-01-22 02:00:00,1028,127.98710873172004,debit,payment
508,2023-01-22 03:00:00,1077,118.49267365825537,debit,refund
509,2023-01-22 04:00:00,1091,101.19260739840348,credit,withdrawal
510,2023-01-22 05:00:00,1068,87.06126444588853,credit,refund
511,2023-01-22 06:00:00,1046,113.96446627227179,credit,refund
512,2023-01-22 07:00:00,1093,107.86970770843499,credit,payment
513,2023-01-22 08:00:00,1061,117.90386440055465,credit,withdrawal
514,2023-01-22 09:00:00,1068,112.70343603363939,debit,refund
515,2023-01-22 10:00:00,1075,120.9910543063867,debit,refund
516,2023-01-22 11:00:00,1015,89.29529576878863,debit,transfer
517,2023-01-22 12:00:00,1089,126.34788131268651,debit,payment
518,2023-01-22 13:00:00,1089,103.95199209384799,credit,transfer
519,2023-01-22 14:00:00,1047,141.5052174525053,debit,transfer
520,2023-01-22 15:00:00,1084,86.21624363820864,debit,refund
521,2023-01-22 16:00:00,1038,134.719276063305,credit,payment
522,2023-01-22 17:00:00,1099,103.95821566925295,debit,withdrawal
523,2023-01-22 18:00:00,1032,521.8298395662662,debit,refund
524,2023-01-22 19:00:00,1093,90.32228331891356,credit,withdrawal
525,2023-01-22 20:00:00,1022,93.5930538361136,debit,withdrawal
526,2023-01-22 21:00:00,1009,108.48331892803833,debit,payment
527,2023-01-22 22:00:00,1068,110.45670976071,debit,transfer
528,2023-01-22 23:00:00,1099,88.52599992122842,debit,payment
529,2023-01-23 00:00:00,1033,99.51290815478035,debit,withdrawal
530,2023-01-23 01:00:00,1051,142.8454071722373,credit,refund
531,2023-01-23 02:00:00,1094,134.55086340201422,credit,withdrawal
532,2023-01-23 03:00:00,1009,108.72647339348065,credit,refund
533,2023-01-23 04:00:00,1018,100.760069563364,credit,refund
534,2023-01-23 05:00:00,1057,102.40062653436523,credit,payment
535,2023-01-23 06:00:00,1095,112.27035945460833,credit,withdrawal
536,2023-01-23 07:00:00,1000,79.5441486960319,debit,transfer
537,2023-01-23 08:00:00,1068,94.8524692515331,credit,withdrawal
538,2023-01-23 09:00:00,1003,66.62831852244821,credit,withdrawal
539,2023-01-23 10:00:00,1015,107.98446245210559,debit,transfer
540,2023-01-23 11:00:00,1023,112.94391879405482,debit,payment
541,2023-01-23 12:00:00,1079,90.33627075401252,credit,withdrawal
542,2023-01-23 13:00:00,1001,131.47973526580066,debit,withdrawal
543,2023-01-23 14:00:00,1091,75.48468673995318,credit,refund
544,2023-01-23 15:00:00,1031,70.7125023958036,debit,withdrawal
545,2023-01-23 16:00:00,1090,104.48903637119945,credit,transfer
546,2023-01-23 17:00:00,1083,725.6517963134586,debit,refund
547,2023-01-23 18:00:00,1023,133.67855382915738,debit,payment
548,2023-01-23 19:00:00,1011,90.8223147426212,credit,refund
549,2023-01-23 20:00:00,1049,121.57361666862592,credit,transfer
550,2023-01-23 21:00:00,1034,99.22983060998585,credit,transfer
551,2023-01-23 22:00:00,1032,96.54745400118361,credit,refund
552,2023-01-23 23:00:00,1032,117.67319874973344,credit,payment
553,2023-01-24 00:00:00,1060,113.0464575682684,debit,refund
554,2023-01-24 01:00:00,1050,68.47215686031501,credit,payment
555,2023-01-24 02:00:00,1042,129.53080699451792,credit,refund
556,2023-01-24 03:00:00,1011,127.60182708294903,debit,transfer
557,2023-01-24 04:00:00,1066,524.9324758188565,debit,withdrawal
558,2023-01-24 05:00:00,1064,107.91607066874818,credit,withdrawal
559,2023-01-24 06:00:00,1032,109.88060372565478,debit,payment
560,2023-01-24 07:00:00,1039,105.21347531647814,debit,payment
561,2023-01-24 08:00:00,1073,88.9938969230916,credit,payment
562,2023-01-24 09:00:00,1042,86.56753264123897,debit,transfer
563,2023-01-24 10:00:00,1043,99.48891858017109,debit,refund
564,2023-01-24 11:00:00,1028,123.45458038518728,credit,transfer
565,2023-01-24 12:00:00,1012,110.87200309188864,credit,withdrawal
566,2023-01-24 13:00:00,1011,92.58771335827788,debit,payment
567,2023-01-24 14:00:00,1094,115.43397421296689,debit,refund
568,2023-01-24 15:00:00,1045,43.02914758739849,credit,withdrawal
569,2023-01-24 16:00:00,1001,122.97531400744207,debit,withdrawal
570,2023-01-24 17:00:00,1034,65.20572442443802,debit,withdrawal
571,2023-01-24 18:00:00,1086,92.75118117193736,debit,transfer
572,2023-01-24 19:00:00,1080,77.60660210747713,credit,payment
573,2023-01-24 20:00:00,1089,74.10637048558189,debit,withdrawal
574,2023-01-24 21:00:00,1007,123.21653574757039,debit,payment
575,2023-01-24 22:00:00,1092,90.64597597376218,credit,transfer
576,2023-01-24 23:00:00,1025,106.93007763461432,debit,withdrawal
577,2023-01-25 00:00:00,1073,99.06158842241632,debit,transfer
578,2023-01-25 01:00:00,1089,109.54081654446243,credit,transfer
579,2023-01-25 02:00:00,1033,101.53643782120511,credit,payment
580,2023-01-25 03:00:00,1006,74.3401555162286,credit,withdrawal
581,2023-01-25 04:00:00,1067,119.9253363889428,credit,transfer
582,2023-01-25 05:00:00,1057,90.12486833677374,debit,withdrawal
583,2023-01-25 06:00:00,1074,68.86836202680499,debit,payment
584,2023-01-25 07:00:00,1028,91.43769678068175,credit,transfer
585,2023-01-25 08:00:00,1035,130.01519581268622,credit,payment
586,2023-01-25 09:00:00,1088,117.00443484226986,debit,withdrawal
587,2023-01-25 10:00:00,1020,558.161743871057,credit,withdrawal
588,2023-01-25 11:00:00,1035,93.01484591363142,debit,payment
589,2023-01-25 12:00:00,1009,93.56729897565235,credit,refund
590,2023-01-25 13:00:00,1072,141.53495967121682,debit,transfer
591,2023-01-25 14:00:00,1023,107.63870904463107,credit,withdrawal
592,2023-01-25 15:00:00,1063,108.60083294382139,credit,withdrawal
593,2023-01-25 16:00:00,1098,120.60566908063684,debit,transfer
594,2023-01-25 17:00:00,1048,104.77578318053027,credit,payment
595,2023-01-25 18:00:00,1098,94.81915708358594,debit,payment
596,2023-01-25 19:00:00,1035,96.07300301830044,debit,payment
597,2023-01-25 20:00:00,1081,98.56797481171873,debit,refund
598,2023-01-25 21:00:00,1095,99.25555526980317,debit,refund
599,2023-01-25 22:00:00,1023,114.5525908727396,debit,withdrawal
600,2023-01-25 23:00:00,1022,101.03891771614599,credit,payment
601,2023-01-26 00:00:00,1061,114.65280154431159,credit,transfer
602,2023-01-26 01:00:00,1095,98.38566839782835,debit,withdrawal
603,2023-01-26 02:00:00,1036,101.57270380632181,credit,transfer
604,2023-01-26 03:00:00,1011,60.035986309357845,debit,withdrawal
605,2023-01-26 04:00:00,1054,118.32655349404963,credit,refund
606,2023-01-26 05:00:00,1012,106.92976951795985,credit,withdrawal
607,2023-01-26 06:00:00,1022,119.96020219719304,credit,refund
608,2023-01-26 07:00:00,1088,42.07489243612621,credit,withdrawal
609,2023-01-26 08:00:00,1098,141.76749409561455,debit,payment
610,2023-01-26 09:00:00,1029,97.20820743689653,debit,transfer
611,2023-01-26 10:00:00,1016,122.16365633475033,credit,payment
612,2023-01-26 11:00:00,1061,79.20188145748938,credit,withdrawal
613,2023-01-26 12:00:00,1083,673.5328686075084,debit,withdrawal
614,2023-01-26 13:00:00,1088,78.93168873652688,credit,withdrawal
615,2023-01-26 14:00:00,1085,87.5246207860839,debit,refund
616,2023-01-26 15:00:00,1012,138.28062707733574,debit,transfer
617,2023-01-26 16:00:00,1058,96.18635198473307,debit,transfer
618,2023-01-26 17:00:00,1018,104.34865746359446,credit,withdrawal
619,2023-01-26 18:00:00,1048,117.40135461377508,debit,withdrawal
620,2023-01-26 19:00:00,1099,109.91363775945209,credit,refund
621,2023-01-26 20:00:00,1011,103.00837810287153,debit,payment
622,2023-01-26 21:00:00,1060,107.2992200493245,credit,payment
623,2023-01-26 22:00:00,1018,148.0683117047655,credit,transfer
624,2023-01-26 23:00:00,1075,98.8476240593283,credit,refund
625,2023-01-27 00:00:00,1008,104.02198093429935,debit,withdrawal
626,2023-01-27 01:00:00,1070,121.01308792015224,debit,transfer
627,2023-01-27 02:00:00,1027,122.11051865915968,credit,refund
628,2023-01-27 03:00:00,1077,123.7406061112076,credit,payment
629,2023-01-27 04:00:00,1094,676.6476266435021,credit,refund
630,2023-01-27 05:00:00,1051,77.13990174539033,debit,payment
631,2023-01-27 06:00:00,1082,132.6686306460219,debit,refund
632,2023-01-27 07:00:00,1015,77.07309213962624,debit,transfer
633,2023-01-27 08:00:00,1068,106.05270930478066,debit,payment
634,2023-01-27 09:00:00,1098,84.91448299961284,credit,transfer
635,2023-01-27 10:00:00,1011,98.71723306814015,credit,transfer
636,2023-01-27 11:00:00,1024,106.5752482060696,debit,payment
637,2023-01-27 12:00:00,1051,106.42714430900546,debit,payment
638,2023-01-27 13:00:00,1084,108.4384150847057,credit,withdrawal
639,2023-01-27 14:00:00,1099,132.27422538117293,debit,withdrawal
640,2023-01-27 15:00:00,1052,109.0706860302796,debit,withdrawal
641,2023-01-27 16:00:00,1022,95.11686729418703,debit,transfer
642,2023-01-27 17:00:00,1015,715.6904601946028,debit,transfer
643,2023-01-27 18:00:00,1056,123.78940977849281,debit,withdrawal
644,2023-01-27 19:00:00,1038,75.44784369726015,debit,transfer
645,2023-01-27 20:00:00,1052,111.94800139699716,credit,transfer
646,2023-01-27 21:00:00,1041,114.02345484621796,debit,payment
647,2023-01-27 22:00:00,1057,94.04872993280016,debit,payment
648,2023-01-27 23:00:00,1038,127.51413626623238,credit,transfer
649,2023-01-28 00:00:00,1013,96.99888825934947,credit,withdrawal
650,2023-01-28 01:00:00,1094,102.51152906943085,credit,refund
651,2023-01-28 02:00:00,1004,96.5385635143226,debit,withdrawal
652,2023-01-28 03:00:00,1034,100.31158095162935,credit,refund
653,2023-01-28 04:00:00,1086,78.07449826209597,debit,withdrawal
654,2023-01-28 05:00:00,1092,71.19898234811411,debit,payment
655,2023-01-28 06:00:00,1074,131.89010126449944,debit,transfer
656,2023-01-28 07:00:00,1017,83.06077303363344,credit,transfer
657,2023-01-28 08:00:00,1075,80.17215301087386,credit,payment
658,2023-01-28 09:00:00,1008,56.932197727925704,credit,refund
659,2023-01-28 10:00:00,1073,87.22076504620995,credit,refund
660,2023-01-28 11:00:00,1057,73.53820413185004,credit,refund
661,2023-01-28 12:00:00,1016,132.8403032027274,debit,payment
662,2023-01-28 13:00:00,1006,120.19634178685268,debit,refund
663,2023-01-28 14:00:00,1045,86.23699309644553,debit,payment
664,2023-01-28 15:00:00,1012,145.04871610688616,debit,withdrawal
665,2023-01-28 16:00:00,1039,119.63530973983188,credit,withdrawal
666,2023-01-28 17:00:00,1041,93.50337232982756,credit,payment
667,2023-01-28 18:00:00,1008,50.01188570252854,debit,transfer
668,2023-01-28 19:00:00,1049,145.81885145181485,credit,withdrawal
669,2023-01-28 20:00:00,1026,72.20855066472808,credit,refund
670,2023-01-28 21:00:00,1065,67.09202506086217,debit,payment
671,2023-01-28 22:00:00,1004,120.45140864019281,debit,refund
672,2023-01-28 23:00:00,1028,892.7702887607127,credit,refund
673,2023-01-29 00:00:00,1036,127.68545637021036,credit,transfer
674,2023-01-29 01:00:00,1037,111.27818240104719,debit,refund
675,2023-01-29 02:00:00,1082,111.89508683330573,debit,transfer
676,2023-01-29 03:00:00,1007,117.06831117560615,debit,withdrawal
677,2023-01-29 04:00:00,1064,115.17857179573531,credit,payment
678,2023-01-29 05:00:00,1085,105.62382847938751,debit,refund
679,2023-01-29 06:00:00,1016,102.08402207903752,debit,payment
680,2023-01-29 07:00:00,1070,98.74813744200955,credit,refund
681,2023-01-29 08:00:00,1088,84.92070822266648,credit,payment
682,2023-01-29 09:00:00,1044,94.38649846266452,credit,refund
683,2023-01-29 10:00:00,1003,66.1408637160923,credit,refund
684,2023-01-29 11:00:00,1035,98.033207464105,credit,refund
685,2023-01-29 12:00:00,1069,80.22817785698166,debit,refund
686,2023-01-29 13:00:00,1030,77.92821365568457,debit,refund
687,2023-01-29 14:00:00,1018,103.59788302306957,credit,refund
688,2023-01-29 15:00:00,1060,767.040274361352,credit,refund
689,2023-01-29 16:00:00,1053,118.36633212004625,credit,refund
690,2023-01-29 17:00:00,1038,68.58998792753646,credit,refund
691,2023-01-29 18:00:00,1090,80.20743726859325,credit,payment
692,2023-01-29 19:00:00,1073,118.81542375976431,debit,transfer
693,2023-01-29 20:00:00,1089,80.35025212923381,debit,refund
694,2023-01-29 21:00:00,1018,95.50733700005951,debit,transfer
695,2023-01-29 22:00:00,1038,111.00104198049104,debit,refund
696,2023-01-29 23:00:00,1066,80.6331109027273,credit,refund
697,2023-01-30 00:00:00,1044,102.1075101229192,debit,payment
698,2023-01-30 01:00:00,1012,439.91694060981547,credit,withdrawal
699,2023-01-30 02:00:00,1091,87.97264712097572,credit,withdrawal
700,2023-01-30 03:00:00,1057,638.3738320971045,credit,payment
701,2023-01-30 04:00:00,1019,68.14012532936661,debit,transfer
702,2023-01-30 05:00:00,1091,108.80949475920798,credit,withdrawal
703,2023-01-30 06:00:00,1071,99.60724402146637,debit,payment
704,2023-01-30 07:00:00,1060,111.04979908834295,debit,payment
705,2023-01-30 08:00:00,1038,626.8696960877594,credit,withdrawal
706,2023-01-30 09:00:00,1000,127.28280859947688,credit,transfer
707,2023-01-30 10:00:00,1002,102.50449005295815,credit,payment
708,2023-01-30 11:00:00,1076,91.41188917749494,debit,refund
709,2023-01-30 12:00:00,1091,102.44595006064567,credit,transfer
710,2023-01-30 13:00:00,1061,110.86596058072776,debit,transfer
711,2023-01-30 14:00:00,1062,100.97720140651408,credit,withdrawal
712,2023-01-30 15:00:00,1024,100.81183382407765,credit,withdrawal
713,2023-01-30 16:00:00,1055,85.96016624386489,debit,refund
714,2023-01-30 17:00:00,1032,86.74198164898104,debit,payment
715,2023-01-30 18:00:00,1037,71.94789456400613,debit,withdrawal
716,2023-01-30 19:00:00,1005,134.9915348637388,debit,withdrawal
717,2023-01-30 20:00:00,1057,75.1227352921743,debit,transfer
718,2023-01-30 21:00:00,1043,86.14189604408185,debit,withdrawal
719,2023-01-30 22:00:00,1044,85.63185468861604,credit,withdrawal
720,2023-01-30 23:00:00,1031,117.89848753888883,credit,withdrawal
721,2023-01-31 00:00:00,1044,94.10100643415944,debit,withdrawal
722,2023-01-31 01:00:00,1060,124.95484145347467,credit,transfer
723,2023-01-31 02:00:00,1046,86.53018751512263,debit,refund
724,2023-01-31 03:00:00,1020,105.57988324447604,credit,refund
725,2023-01-31 04:00:00,1079,83.29305893480486,credit,payment
726,2023-01-31 05:00:00,1084,142.90298255546776,debit,withdrawal
727,2023-01-31 06:00:00,1074,76.24803161940974,debit,transfer
728,2023-01-31 07:00:00,1035,106.19641420454055,debit,payment
729,2023-01-31 08:00:00,1098,112.67553761864197,credit,payment
730,2023-01-31 09:00:00,1018,108.27598194902997,debit,refund
731,2023-01-31 10:00:00,1019,96.29424682244583,credit,transfer
732,2023-01-31 11:00:00,1056,97.40358600533148,debit,transfer
733,2023-01-31 12:00:00,1017,100.87622943958219,credit,transfer
734,2023-01-31 13:00:00,1046,97.05995996743023,credit,refund
735,2023-01-31 14:00:00,1048,119.27758233589819,debit,refund
736,2023-01-31 15:00:00,1013,144.21046003182704,credit,refund
737,2023-01-31 16:00:00,1014,88.85016429984333,credit,refund
738,2023-01-31 17:00:00,1030,72.60394040841845,debit,refund
739,2023-01-31 18:00:00,1000,98.23435903297491,credit,withdrawal
740,2023-01-31 19:00:00,1053,151.59418675308638,debit,withdrawal
741,2023-01-31 20:00:00,1002,83.92650864060539,debit,transfer
742,2023-01-31 21:00:00,1015,132.78233610888134,debit,payment
743,2023-01-31 22:00:00,1086,133.55401628152882,debit,transfer
744,2023-01-31 23:00:00,1056,88.9282351658401,credit,payment
745,2023-02-01 00:00:00,1074,111.37966158370551,credit,refund
746,2023-02-01 01:00:00,1011,132.56793246257075,credit,payment
747,2023-02-01 02:00:00,1073,92.41744518025025,debit,transfer
748,2023-02-01 03:00:00,1095,95.92839279795277,credit,transfer
749,2023-02-01 04:00:00,1015,88.36638172102712,credit,payment
750,2023-02-01 05:00:00,1071,79.70486538614267,debit,withdrawal
751,2023-02-01 06:00:00,1075,522.0866945920792,debit,refund
752,2023-02-01 07:00:00,1023,75.52119466475487,credit,refund
753,2023-02-01 08:00:00,1027,100.68166936518452,debit,transfer
754,2023-02-01 09:00:00,1007,84.60053537882716,debit,withdrawal
755,2023-02-01 10:00:00,1091,104.67571823581495,debit,payment
756,2023-02-01 11:00:00,1035,68.88208707592746,debit,refund
757,2023-02-01 12:00:00,1089,106.61760464428914,credit,withdrawal
758,2023-02-01 13:00:00,1007,116.6705792321785,debit,refund
759,2023-02-01 14:00:00,1057,60.12528714857089,debit,withdrawal
760,2023-02-01 15:00:00,1059,107.48113139695144,debit,withdrawal
761,2023-02-01 16:00:00,1049,124.55337984946584,debit,transfer
762,2023-02-01 17:00:00,1027,75.8071796261759,debit,refund
763,2023-02-01 18:00:00,1091,133.45144773675406,debit,payment
764,2023-02-01 19:00:00,1040,108.38038018732091,debit,transfer
765,2023-02-01 20:00:00,1099,85.89976288483183,debit,transfer
766,2023-02-01 21:00:00,1063,98.88461844684588,credit,payment
767,2023-02-01 22:00:00,1026,111.16653825043444,debit,transfer
768,2023-02-01 23:00:00,1062,101.52010782824823,credit,withdrawal
769,2023-02-02 00:00:00,1016,110.77511984892739,debit,withdrawal
770,2023-02-02 01:00:00,1072,81.58652813841267,debit,refund
771,2023-02-02 02:00:00,1032,103.38721648072156,debit,refund
772,2023-02-02 03:00:00,1083,71.7257100619004,debit,payment
773,2023-02-02 04:00:00,1076,97.775478773026,credit,refund
774,2023-02-02 05:00:00,1091,81.92184717070421,debit,withdrawal
775,2023-02-02 06:00:00,1028,85.28940114820466,debit,payment
776,2023-02-02 07:00:00,1012,748.3311810252526,credit,payment
777,2023-02-02 08:00:00,1045,730.9572144713122,credit,refund
778,2023-02-02 09:00:00,1034,112.18276241814354,debit,withdrawal
779,2023-02-02 10:00:00,1005,78.15374470654842,credit,payment
780,2023-02-02 11:00:00,1081,93.67183100610396,credit,withdrawal
781,2023-02-02 12:00:00,1068,124.26195399958367,credit,withdrawal
782,2023-02-02 13:00:00,1046,102.83433827279809,debit,withdrawal
783,2023-02-02 14:00:00,1024,146.3865907996339,debit,refund
784,2023-02-02 15:00:00,1065,107.86635678788744,debit,transfer
785,2023-02-02 16:00:00,1009,103.84098232980062,credit,transfer
786,2023-02-02 17:00:00,1055,93.81767071594997,debit,payment
787,2023-02-02 18:00:00,1029,102.67081809564564,credit,withdrawal
788,2023-02-02 19:00:00,1004,96.95060327238912,debit,refund
789,2023-02-02 20:00:00,1032,114.1621735337718,debit,withdrawal
790,2023-02-02 21:00:00,1064,119.13404633589168,credit,withdrawal
791,2023-02-02 22:00:00,1017,84.28021078984101,debit,refund
792,2023-02-02 23:00:00,1095,73.37534092884444,credit,transfer
793,2023-02-03 00:00:00,1048,379.65535522760445,credit,withdrawal
794,2023-02-03 01:00:00,1010,110.15982653825087,debit,withdrawal
795,2023-02-03 02:00:00,1084,77.93266787652253,credit,transfer
796,2023-02-03 03:00:00,1025,56.94218814095034,debit,refund
797,2023-02-03 04:00:00,1062,107.77157209061929,debit,payment
798,2023-02-03 05:00:00,1088,149.8599903486558,credit,transfer
799,2023-02-03 06:00:00,1085,99.87858176920213,debit,payment
800,2023-02-03 07:00:00,1058,116.76981548903284,credit,payment
801,2023-02-03 08:00:00,1026,101.6365871709513,debit,transfer
802,2023-02-03 09:00:00,1048,98.02220693617714,debit,withdrawal
803,2023-02-03 10:00:00,1076,118.38152965975537,debit,payment
804,2023-02-03 11:00:00,1032,94.19450911622697,debit,payment
805,2023-02-03 12:00:00,1097,105.34784628143805,debit,refund
806,2023-02-03 13:00:00,1098,106.43395612392027,credit,withdrawal
807,2023-02-03 14:00:00,1000,86.63819092713902,credit,payment
808,2023-02-03 15:00:00,1020,119.84084699073045,credit,refund
809,2023-02-03 16:00:00,1054,96.50080486609183,credit,withdrawal
810,2023-02-03 17:00:00,1005,84.88509681014311,credit,transfer
811,2023-02-03 18:00:00,1091,664.3811812284484,credit,transfer
812,2023-02-03 19:00:00,1080,82.03064036417925,debit,refund
813,2023-02-03 20:00:00,1068,100.56362314738257,debit,transfer
814,2023-02-03 21:00:00,1094,99.81762006711593,credit,payment
815,2023-02-03 22:00:00,1004,121.71791131663156,credit,withdrawal
816,2023-02-03 23:00:00,1002,109.49396465759905,debit,payment
817,2023-02-04 00:00:00,1052,99.49946082509712,debit,payment
818,2023-02-04 01:00:00,1022,116.35532598400574,debit,transfer
819,2023-02-04 02:00:00,1052,127.80415098034626,credit,payment
820,2023-02-04 03:00:00,1036,666.9372367622235,credit,transfer
821,2023-02-04 04:00:00,1073,100.20705239686761,credit,withdrawal
822,2023-02-04 05:00:00,1073,73.7632753529968,debit,withdrawal
823,2023-02-04 06:00:00,1082,78.69772673849255,debit,payment
824,2023-02-04 07:00:00,1016,93.89550591290664,credit,refund
825,2023-02-04 08:00:00,1084,87.80975595681434,credit,transfer
826,2023-02-04 09:00:00,1077,96.26057394029108,debit,transfer
827,2023-02-04 10:00:00,1072,101.13299849794214,debit,payment
828,2023-02-04 11:00:00,1000,110.59385508713461,debit,transfer
829,2023-02-04 12:00:00,1050,98.59002443881818,debit,transfer
830,2023-02-04 13:00:00,1044,109.73003287652404,credit,refund
831,2023-02-04 14:00:00,1076,101.2894882962024,debit,refund
832,2023-02-04 15:00:00,1003,60.490668672922574,debit,payment
833,2023-02-04 16:00:00,1061,81.21329212362491,debit,refund
834,2023-02-04 17:00:00,1064,97.1182488855677,credit,payment
835,2023-02-04 18:00:00,1031,75.80610514317785,credit,withdrawal
836,2023-02-04 19:00:00,1033,111.9985745999241,debit,payment
837,2023-02-04 20:00:00,1091,130.61501664687395,debit,withdrawal
838,2023-02-04 21:00:00,1094,124.37523703394633,debit,payment
839,2023-02-04 22:00:00,1071,95.73114258139584,credit,transfer
840,2023-02-04 23:00:00,1038,129.81452273699904,credit,refund
841,2023-02-05 00:00:00,1025,102.97334914404223,credit,withdrawal
842,2023-02-05 01:00:00,1033,559.5496834658353,debit,payment
843,2023-02-05 02:00:00,1053,87.7319467291812,credit,refund
844,2023-02-05 03:00:00,1002,93.95060627023743,debit,payment
845,2023-02-05 04:00:00,1049,92.23646362917543,debit,refund
846,2023-02-05 05:00:00,1011,103.40832444750976,debit,refund
847,2023-02-05 06:00:00,1064,103.2114796209973,credit,payment
848,2023-02-05 07:00:00,1053,100.0609204030683,debit,withdrawal
849,2023-02-05 08:00:00,1004,108.73876339492699,credit,withdrawal
850,2023-02-05 09:00:00,1093,123.81292549572683,credit,transfer
851,2023-02-05 10:00:00,1093,118.99108270882647,debit,refund
852,2023-02-05 11:00:00,1056,70.30204063100193,debit,transfer
853,2023-02-05 12:00:00,1016,48.9215773019609,credit,transfer
854,2023-02-05 13:00:00,1046,118.68639822478548,debit,payment
855,2023-02-05 14:00:00,1022,72.66242603169158,credit,payment
856,2023-02-05 15:00:00,1078,95.50469196214632,debit,payment
857,2023-02-05 16:00:00,1084,76.59773947881281,credit,refund
858,2023-02-05 17:00:00,1013,63.9603912483996,credit,payment
859,2023-02-05 18:00:00,1065,110.82925456409576,credit,payment
860,2023-02-05 19:00:00,1074,115.18310320605293,credit,refund
861,2023-02-05 20:00:00,1050,88.4697919854656,debit,refund
862,2023-02-05 21:00:00,1037,289.07492494261083,debit,withdrawal
863,2023-02-05 22:00:00,1063,89.07511103495034,credit,payment
864,2023-02-05 23:00:00,1097,107.83608010805094,credit,payment
865,2023-02-06 00:00:00,1037,70.42176862451743,debit,payment
866,2023-02-06 01:00:00,1049,103.66719839558311,debit,withdrawal
867,2023-02-06 02:00:00,1097,99.69380301654009,debit,payment
868,2023-02-06 03:00:00,1081,111.58582999202177,debit,withdrawal
869,2023-02-06 04:00:00,1029,102.39160736828306,debit,transfer
870,2023-02-06 05:00:00,1078,80.53862118236889,debit,withdrawal
871,2023-02-06 06:00:00,1090,123.93143003328983,credit,transfer
872,2023-02-06 07:00:00,1050,96.8294085394606,debit,payment
873,2023-02-06 08:00:00,1062,99.45390920980137,debit,transfer
874,2023-02-06 09:00:00,1097,81.33464081853609,credit,withdrawal
875,2023-02-06 10:00:00,1051,91.13435497616979,debit,refund
876,2023-02-06 11:00:00,1037,82.30394571946198,debit,transfer
877,2023-02-06 12:00:00,1096,96.54107880153154,debit,transfer
878,2023-02-06 13:00:00,1087,134.23416960284686,debit,payment
879,2023-02-06 14:00:00,1078,435.3718628482372,debit,withdrawal
880,2023-02-06 15:00:00,1029,67.72877204246518,credit,transfer
881,2023-02-06 16:00:00,1050,129.42340654987217,debit,transfer
882,2023-02-06 17:00:00,1080,95.81352645696268,credit,transfer
883,2023-02-06 18:00:00,1004,86.61854522680167,credit,transfer
884,2023-02-06 19:00:00,1028,120.79809374792153,debit,refund
885,2023-02-06 20:00:00,1003,87.88768920526272,credit,withdrawal
886,2023-02-06 21:00:00,1009,136.52019427093873,debit,payment
887,2023-02-06 22:00:00,1055,113.55851742678539,credit,payment
888,2023-02-06 23:00:00,1016,90.24177183708595,credit,refund
889,2023-02-07 00:00:00,1073,143.14616426531006,debit,withdrawal
890,2023-02-07 01:00:00,1016,87.88570153993324,debit,transfer
891,2023-02-07 02:00:00,1083,114.84190744018613,debit,refund
892,2023-02-07 03:00:00,1087,105.98585160812983,debit,withdrawal
893,2023-02-07 04:00:00,1068,126.03482578797596,debit,transfer
894,2023-02-07 05:00:00,1033,131.23022393453707,credit,refund
895,2023-02-07 06:00:00,1005,100.64008298131533,credit,withdrawal
896,2023-02-07 07:00:00,1052,84.93164259307633,credit,payment
897,2023-02-07 08:00:00,1065,109.19944285878233,credit,payment
898,2023-02-07 09:00:00,1076,86.44569260495788,credit,withdrawal
899,2023-02-07 10:00:00,1042,140.26774495053246,credit,payment
900,2023-02-07 11:00:00,1074,102.73070662165475,credit,withdrawal
901,2023-02-07 12:00:00,1022,92.69356897375782,debit,transfer
902,2023-02-07 13:00:00,1054,103.69360611729817,debit,withdrawal
903,2023-02-07 14:00:00,1079,73.05747420940607,credit,transfer
904,2023-02-07 15:00:00,1094,80.56771922978697,credit,refund
905,2023-02-07 16:00:00,1074,744.0496689533311,debit,withdrawal
906,2023-02-07 17:00:00,1015,86.86211442057208,debit,refund
907,2023-02-07 18:00:00,1007,474.3706820781672,debit,payment
908,2023-02-07 19:00:00,1003,110.73305505054572,debit,transfer
909,2023-02-07 20:00:00,1003,123.71408309325994,credit,withdrawal
910,2023-02-07 21:00:00,1055,114.37906621330134,debit,refund
911,2023-02-07 22:00:00,1024,119.92095371611633,credit,transfer
912,2023-02-07 23:00:00,1066,84.86409822861079,credit,transfer
913,2023-02-08 00:00:00,1095,71.56378666516312,credit,payment
914,2023-02-08 01:00:00,1066,130.02667303910974,debit,payment
915,2023-02-08 02:00:00,1026,93.54640322315728,debit,transfer
916,2023-02-08 03:00:00,1092,94.98333967089906,credit,transfer
917,2023-02-08 04:00:00,1031,126.56388283698115,credit,withdrawal
918,2023-02-08 05:00:00,1049,111.1246001880132,credit,transfer
919,2023-02-08 06:00:00,1060,109.11775544163216,debit,withdrawal
920,2023-02-08 07:00:00,1050,143.30004689802166,credit,transfer
921,2023-02-08 08:00:00,1018,87.12963539239715,debit,payment
922,2023-02-08 09:00:00,1020,118.55680256162475,credit,withdrawal
923,2023-02-08 10:00:00,1004,101.14026249794169,credit,refund
924,2023-02-08 11:00:00,1081,105.37184557726513,credit,payment
925,2023-02-08 12:00:00,1091,130.56936852825064,debit,withdrawal
926,2023-02-08 13:00:00,1041,110.15671512579247,debit,withdrawal
927,2023-02-08 14:00:00,1060,110.76592158099265,credit,refund
928,2023-02-08 15:00:00,1021,121.45014674619604,debit,withdrawal
929,2023-02-08 16:00:00,1020,92.70094540914229,credit,transfer
930,2023-02-08 17:00:00,1069,83.21580665321987,debit,refund
931,2023-02-08 18:00:00,1000,79.10381611957934,debit,payment
932,2023-02-08 19:00:00,1004,60.67286821247996,debit,payment
933,2023-02-08 20:00:00,1011,141.12414259880643,credit,transfer
934,2023-02-08 21:00:00,1089,77.93583268556634,debit,payment
935,2023-02-08 22:00:00,1045,95.57492752828456,debit,withdrawal
936,2023-02-08 23:00:00,1033,94.46373400222159,credit,withdrawal
937,2023-02-09 00:00:00,1048,106.14813395618202,credit,transfer
938,2023-02-09 01:00:00,1077,116.31474425078594,credit,payment
939,2023-02-09 02:00:00,1089,117.2094697671949,credit,payment
940,2023-02-09 03:00:00,1044,88.33845122862124,debit,transfer
941,2023-02-09 04:00:00,1026,96.65756572427178,debit,refund
942,2023-02-09 05:00:00,1072,105.65159900976599,debit,payment
943,2023-02-09 06:00:00,1025,95.02617747632905,debit,refund
944,2023-02-09 07:00:00,1046,132.14691152039984,debit,payment
945,2023-02-09 08:00:00,1085,109.81949903276502,credit,payment
946,2023-02-09 09:00:00,1055,114.69755572099635,debit,payment
947,2023-02-09 10:00:00,1093,113.25762537334825,debit,payment
948,2023-02-09 11:00:00,1062,123.4694771497065,debit,withdrawal
949,2023-02-09 12:00:00,1047,103.62043117407414,credit,refund
950,2023-02-09 13:00:00,1060,74.06336104088307,credit,refund
951,2023-02-09 14:00:00,1080,647.962554210317,debit,payment
952,2023-02-09 15:00:00,1025,86.97286212416341,credit,payment
953,2023-02-09 16:00:00,1035,536.5659981900292,credit,refund
954,2023-02-09 17:00:00,1000,670.3636822506112,credit,withdrawal
955,2023-02-09 18:00:00,1007,124.76566142867271,credit,transfer
956,2023-02-09 19:00:00,1098,100.42543153472123,credit,transfer
957,2023-02-09 20:00:00,1051,106.17666025197927,credit,refund
958,2023-02-09 21:00:00,1078,134.04429889270477,credit,payment
959,2023-02-09 22:00:00,1046,104.81506358977137,debit,payment
960,2023-02-09 23:00:00,1055,152.0336622836079,debit,withdrawal
961,2023-02-10 00:00:00,1085,111.31019291263088,credit,transfer
962,2023-02-10 01:00:00,1013,64.78474481688365,debit,withdrawal
963,2023-02-10 02:00:00,1089,115.06683242209066,debit,transfer
964,2023-02-10 03:00:00,1027,107.62316769765556,credit,refund
965,2023-02-10 04:00:00,1086,754.7703304899294,debit,transfer
966,2023-02-10 05:00:00,1077,113.46362702539916,credit,withdrawal
967,2023-02-10 06:00:00,1087,97.23088032032453,credit,withdrawal
968,2023-02-10 07:00:00,1001,75.51403527421269,credit,withdrawal
969,2023-02-10 08:00:00,1025,95.8195348542795,debit,refund
970,2023-02-10 09:00:00,1013,497.93754549488403,debit,transfer
971,2023-02-10 10:00:00,1058,88.38953100390555,debit,transfer
972,2023-02-10 11:00:00,1055,111.7715680884122,debit,withdrawal
973,2023-02-10 12:00:00,1006,133.39809008702812,credit,transfer
974,2023-02-10 13:00:00,1002,107.89343059645962,credit,payment
975,2023-02-10 14:00:00,1022,76.0823387592963,debit,payment
976,2023-02-10 15:00:00,1017,108.89205336440281,credit,payment
977,2023-02-10 16:00:00,1037,123.93262973291303,credit,transfer
978,2023-02-10 17:00:00,1098,87.80434191361236,debit,refund
979,2023-02-10 18:00:00,1014,97.31965666654165,credit,refund
980,2023-02-10 19:00:00,1063,100.29376389458395,debit,refund
981,2023-02-10 20:00:00,1088,84.30203373835519,credit,refund
982,2023-02-10 21:00:00,1027,112.96560867687718,debit,payment
983,2023-02-10 22:00:00,1073,97.58103702784437,credit,payment
984,2023-02-10 23:00:00,1038,108.39064887814055,credit,withdrawal
985,2023-02-11 00:00:00,1056,82.25015644395799,debit,transfer
986,2023-02-11 01:00:00,1016,91.25083399353178,debit,transfer
987,2023-02-11 02:00:00,1085,114.44762715655543,debit,refund
988,2023-02-11 03:00:00,1089,92.54333695816466,debit,payment
989,2023-02-11 04:00:00,1043,807.2356621480087,credit,refund
990,2023-02-11 05:00:00,1024,92.00727628770795,credit,withdrawal
991,2023-02-11 06:00:00,1016,104.49369451503772,debit,transfer
992,2023-02-11 07:00:00,1012,118.65181663746179,credit,transfer
993,2023-02-11 08:00:00,1083,71.63268534133937,debit,refund
994,2023-02-11 09:00:00,1024,64.78382376038448,debit,withdrawal
995,2023-02-11 10:00:00,1067,69.4868737085981,credit,transfer
996,2023-02-11 11:00:00,1009,125.25168206854364,credit,withdrawal
997,2023-02-11 12:00:00,1066,88.96283708215107,debit,withdrawal
998,2023-02-11 13:00:00,1017,151.16398571336504,debit,refund
999,2023-02-11 14:00:00,1099,88.71504802685223,debit,payment
1000,2023-02-11 15:00:00,1085,103.69102606394074,credit,refund
